Name;Owner;Stars;Forks;Language;Description;Created_at;Updated_at;Pushed_at;URL;Category;Domain;Layer
qiskit;Qiskit;5173;2353;Python;Qiskit is an open-source SDK for working with quantum computers at the level of extended quantum circuits, operators, and primitives.;2017-03-03T17:02:42Z;2024-10-16T12:14:12Z;2024-10-16T09:31:39Z;https://github.com/Qiskit/qiskit;Compiler;N/A;N/A
QuantumKatas;microsoft;4533;1214;Q#;Tutorials and programming exercises for learning Q# and quantum computing;2018-06-06T20:02:33Z;2024-09-16T10:36:46Z;2024-08-21T18:51:07Z;https://github.com/microsoft/QuantumKatas;Learning;N/A;Application layer
Cirq;quantumlib;4257;1008;Python;A Python framework for creating, editing, and invoking Noisy Intermediate Scale Quantum (NISQ) circuits.;2017-12-14T23:41:49Z;2024-10-16T09:32:54Z;2024-10-15T23:51:13Z;https://github.com/quantumlib/Cirq;Compiler;N/A;N/A
qiskit-metapackage;Qiskit;3027;749;OpenQASM;Qiskit is an open-source SDK for working with quantum computers at the level of circuits, algorithms, and application modules.;2018-12-12T22:04:07Z;2024-10-14T10:07:34Z;2023-08-19T12:41:27Z;https://github.com/Qiskit/qiskit-metapackage;Compiler;N/A;N/A
awesome-quantum-computing;desireevl;2503;398;N/A;A curated list of awesome quantum computing learning and developing resources.;2018-01-23T10:07:44Z;2024-09-15T22:28:53Z;2024-07-24T23:26:58Z;https://github.com/desireevl/awesome-quantum-computing;Learning;N/A;Educational resources
pennylane;PennyLaneAI;2269;585;Python;PennyLane is a cross-platform Python library for quantum computing, quantum machine learning, and quantum chemistry. Train a quantum computer the same way as a neural network.;2018-04-17T16:45:42Z;2024-09-16T09:51:49Z;2024-09-16T09:51:46Z;https://github.com/PennyLaneAI/pennylane;Algorithm;Machine learning;Software layer, algorithm layer
QPanda-2;OriginQ;1151;91;C++;QPanda 2 is an open source quantum computing framework developed by  OriginQC that can be used to build, run, and optimize quantum algorithms. ;2018-06-05T08:23:20Z;2024-09-15T19:16:49Z;2024-05-13T07:11:31Z;https://github.com/OriginQ/QPanda-2;Simulator;N/A;Software layer, algorithm layer
ProjectQ;ProjectQ-Framework;878;271;Python;ProjectQ: An open source software framework for quantum computing;2016-12-28T09:31:53Z;2024-09-15T22:28:50Z;2024-09-02T19:38:29Z;https://github.com/ProjectQ-Framework/ProjectQ;Simulator;N/A;Software layer, algorithm layer
quantumcomputingbook;JackHidary;791;215;Python;Companion site for the textbook Quantum Computing: An Applied Approach;2019-02-28T23:35:20Z;2024-09-15T12:36:19Z;2023-12-03T14:28:14Z;https://github.com/JackHidary/quantumcomputingbook;Learning;N/A;Educational resources
covalent;AgnostiqHQ;753;91;Python;Pythonic tool for orchestrating machine-learning/high performance/quantum-computing workflows in heterogeneous compute environments.;2021-11-03T14:02:07Z;2024-09-14T23:51:34Z;2024-09-11T18:35:59Z;https://github.com/AgnostiqHQ/covalent;Algorithm;Machine learning;Software layer
QuantumComputing;corbett;586;141;Python;"This is an implementation of IBM's Quantum Experience in simulation; a 5-qubit quantum computer with a limited set of gates. Please cite me if you end up using this academically.";2016-05-09T07:14:13Z;2024-08-28T20:07:52Z;2022-12-29T04:35:18Z;https://github.com/corbett/QuantumComputing;Simulator;N/A;Software layer
qpp;softwareQinc;530;116;C++;Modern C++ quantum computing library;2014-03-21T20:00:40Z;2024-09-11T17:40:25Z;2024-09-09T18:27:19Z;https://github.com/softwareQinc/qpp;Simulator;N/A;Software layer
qml;PennyLaneAI;530;185;Python;Introductions to key concepts in quantum programming, as well as tutorials and implementations from cutting-edge quantum computing research.;2019-10-09T19:17:54Z;2024-09-15T12:52:13Z;2024-09-13T17:26:22Z;https://github.com/PennyLaneAI/qml;Learning;N/A;Algorithm layer
amazon-braket-examples;amazon-braket;463;224;Python;Example notebooks that show how to apply quantum computing with Amazon Braket.;2020-10-05T19:31:03Z;2024-09-15T12:51:58Z;2024-09-10T17:13:19Z;https://github.com/amazon-braket/amazon-braket-examples;Learning;N/A;Application layer
entanglion;Entanglion;449;44;N/A;The world's first open source quantum computing board game;2018-01-03T19:31:32Z;2024-09-15T13:09:50Z;2023-06-30T16:22:40Z;https://github.com/Entanglion/entanglion;Learning;N/A;Educational resources
qcgpu;libtangle;435;50;Python;High Performance Tools for Quantum Computing;2018-03-05T20:20:41Z;2024-08-31T16:05:14Z;2023-07-06T21:24:36Z;https://github.com/libtangle/qcgpu;Algorithm;Optimization;Software layer
Reference-Guide-For-Quantum-Computing-A-Microsoft-Garage-Project;microsoft;405;72;Q#;This repository hosts the Reference Guide for Quantum Computing, a Microsoft Garage project;2020-07-09T13:52:34Z;2024-09-15T13:00:03Z;2023-08-18T14:10:25Z;https://github.com/microsoft/Reference-Guide-For-Quantum-Computing-A-Microsoft-Garage-Project;Learning;N/A;Educational resources
monthly-challenges;qosf;395;162;Python;Repository containing monthly challenges in the field of quantum computing.;2020-10-24T19:31:49Z;2024-09-15T12:46:13Z;2024-09-02T16:00:47Z;https://github.com/qosf/monthly-challenges;Learning;N/A;Educational resources
q.js;stewdio;334;28;JavaScript;Quantum computing in your browser.;2019-05-01T21:11:05Z;2024-08-13T13:58:35Z;2023-04-03T03:41:22Z;https://github.com/stewdio/q.js;Learning;N/A;Software layer
classiq-library;Classiq;330;291;Python;The Classiq Library is the largest collection of quantum algorithms and applications. It is the best way to explore quantum computing software. We welcome community contributions to our Library üôå;2023-09-07T12:57:29Z;2024-09-15T13:12:01Z;2024-09-16T10:25:18Z;https://github.com/Classiq/classiq-library;Algorithm;Optimization;Software layer
pytket-docs;CQCL;328;92;Shell;User manual and example notebooks for the pytket quantum computing toolkit;2018-07-11T09:39:17Z;2024-09-12T22:42:51Z;2024-09-13T04:50:32Z;https://github.com/CQCL/pytket-docs;Compiler;N/A;Educational resources
polarization;BoltzmannEntropy;319;72;N/A;A group for computer scientists and physicists with aspirations of becoming quantum scientists. Quantum computing, jobs, books and graduate school are amongst the topics covered.;2021-12-12T17:26:18Z;2024-08-29T19:39:21Z;2023-08-16T10:37:35Z;https://github.com/BoltzmannEntropy/polarization;Learning;N/A;Educational resources
qiskit-nature;qiskit-community;300;203;Python;Qiskit Nature is an open-source, quantum computing, framework for solving quantum mechanical natural science problems.;2021-01-27T16:59:03Z;2024-09-15T12:46:07Z;2024-08-14T00:56:30Z;https://github.com/qiskit-community/qiskit-nature;Algorithm;Natural science;Application layer
Quantum-Computing-Collection-Of-Resources;aryashah2k;294;80;N/A;A Well Maintained Repository On Quantum Computing Resources [Code+Theory] Updated Regularly During My Time At IBM, Qubit x Qubit And The Coding School's Introduction To Quantum Computing Course '21;2020-11-11T14:03:13Z;2024-09-15T12:48:22Z;2023-02-10T17:22:46Z;https://github.com/aryashah2k/Quantum-Computing-Collection-Of-Resources;Learning;N/A;Educational resources
qmcpack;QMCPACK;292;137;C++;Main repository for QMCPACK, an open-source production level many-body ab initio Quantum Monte Carlo code for computing the electronic structure of atoms, molecules, and solids with full performance portable GPU support;2017-01-11T19:02:29Z;2024-09-15T21:05:12Z;2024-09-15T21:05:08Z;https://github.com/QMCPACK/qmcpack;Algorithm;Natural science;Application layer, algorithm layer
qibo;qiboteam;288;56;Python;A framework for quantum computing;2020-02-18T08:21:10Z;2024-09-16T09:40:16Z;2024-09-16T09:40:11Z;https://github.com/qiboteam/qibo;Simulator;N/A;Software layer
libint;evaleev;227;95;C++;Libint: high-performance library for computing Gaussian integrals in quantum mechanics;2013-08-13T21:17:06Z;2024-09-13T15:24:23Z;2024-09-06T16:03:05Z;https://github.com/evaleev/libint;Algorithm;Chemistry;Algorithm layer
RustQIP;Renmusxd;227;18;Rust;Quantum computing using rust. Efficient and a borrow-checked no cloning theorem!;2019-05-09T04:04:44Z;2024-08-31T15:41:32Z;2024-03-05T06:47:24Z;https://github.com/Renmusxd/RustQIP;Simulator;N/A;Software layer
strange;redfx-quantum;202;47;Java;Quantum Computing API for Java;2018-03-26T16:06:29Z;2024-08-12T12:37:46Z;2023-10-10T10:54:15Z;https://github.com/redfx-quantum/strange;Simulator;N/A;Software layer
Quantum-NC;microsoft;197;86;F#;Microsoft Quantum Computing Libraries for noncommercial use;2018-01-23T19:10:35Z;2024-08-13T09:45:35Z;2024-02-07T16:23:39Z;https://github.com/microsoft/Quantum-NC;Learning;N/A;Algorithm layer
pennylane-qiskit;PennyLaneAI;181;66;Python;The PennyLane-Qiskit plugin integrates the Qiskit quantum computing framework and IBM Q with PennyLane.;2018-11-29T21:29:30Z;2024-09-04T18:25:28Z;2024-09-04T18:25:25Z;https://github.com/PennyLaneAI/pennylane-qiskit;Algorithm;Machine learning;Software layer
learnquantum;JohnCoogan;176;42;N/A;Repo of resources to help learn about quantum computing.;2017-08-16T21:43:02Z;2024-09-15T13:09:02Z;2024-02-28T21:36:13Z;https://github.com/JohnCoogan/learnquantum;Learning;N/A;Educational resources
ComputationalPhysics2;CompPhysics;165;65;N/A;Advanced course in Computational Physics, see texbook at http://compphysics.github.io/ComputationalPhysics2/doc/LectureNotes/_build/html/ with an emphasis on computational quantum mechanics, machine learning and quantum computing.;2015-01-07T20:38:21Z;2024-08-30T04:39:38Z;2024-05-19T07:20:47Z;https://github.com/CompPhysics/ComputationalPhysics2;Learning;N/A;Educational resources
qc64;dakk;148;14;BASIC;Quantum Computing on the Commodore64;2023-07-02T16:08:20Z;2024-08-20T06:42:39Z;2023-10-08T13:53:01Z;https://github.com/dakk/qc64;Simulator;N/A;Software layer
QCFractal;MolSSI;144;47;Python;A distributed compute and database platform for quantum chemistry. ;2017-01-19T20:28:18Z;2024-09-05T10:55:13Z;2024-09-05T10:56:49Z;https://github.com/MolSSI/QCFractal;Algorithm;Chemistry;Application layer
learning-quantum;lynnlangit;143;49;Python;Study resources for learning quantum computing;2021-02-09T14:24:34Z;2024-09-15T12:50:30Z;2024-09-04T13:14:27Z;https://github.com/lynnlangit/learning-quantum;Learning;N/A;Educational resources
Dynex;dynexcoin;141;45;C++;Dynex is the world‚Äôs only accessible neuromorphic quantum computing cloud for solving real-world problems, at scale.;2022-09-14T13:35:51Z;2024-09-14T04:54:51Z;2024-04-02T04:32:04Z;https://github.com/dynexcoin/Dynex;Algorithm;Optimization;Application layer
RasQberry;JanLahmann;135;25;Shell;The RasQberry project: Exploring Quantum Computing and Qiskit with a Raspberry Pi and a 3D Printer;2020-09-01T18:18:24Z;2024-09-15T22:29:00Z;2024-09-10T14:47:52Z;https://github.com/JanLahmann/RasQberry;Learning;N/A;Software layer
quantumjava;johanvos;128;34;Java;"Samples related to ""Quantum Computing for Java Developers""";2019-02-27T19:27:04Z;2024-07-07T16:15:57Z;2024-03-29T07:59:16Z;https://github.com/johanvos/quantumjava;Learning;N/A;Software layer
Learn-Quantum-Computing-with-Python-and-IBM-Quantum-Experience;PacktPublishing;124;60;Python;Learn Quantum Computing with Python and IBM Quantum Experience, published by Packt;2019-10-04T12:35:30Z;2024-09-15T12:55:33Z;2023-01-30T09:04:08Z;https://github.com/PacktPublishing/Learn-Quantum-Computing-with-Python-and-IBM-Quantum-Experience;Learning;N/A;Educational resources
Qc_book_list;poig;113;11;N/A;quantum computing book list - A book list for those who want to self-study quantum computing;2022-08-02T15:51:42Z;2024-09-15T13:16:42Z;2024-09-13T18:26:02Z;https://github.com/poig/Qc_book_list;Learning;N/A;Educational resources
Mastering-Quantum-Computing-with-IBM-QX;PacktPublishing;109;70;Python;Mastering Quantum Computing with IBM QX, published by Packt;2018-10-18T04:43:37Z;2024-09-15T12:56:33Z;2022-10-28T09:22:03Z;https://github.com/PacktPublishing/Mastering-Quantum-Computing-with-IBM-QX;Learning;N/A;Educational resources
Xanadu-Quantum-Codebook;XanaduAI;108;47;Python;Learn quantum computing interactively with PennyLane;2021-11-03T20:34:28Z;2024-09-11T10:50:34Z;2024-05-13T03:02:50Z;https://github.com/XanaduAI/Xanadu-Quantum-Codebook;Learning;N/A;Educational resources
quantum_computing_course2023;gitkarma;106;40;Python;Course Material for the online short course on Quantum Computing Using QSim;2023-05-06T06:28:25Z;2024-09-15T13:07:23Z;2023-06-03T08:08:31Z;https://github.com/gitkarma/quantum_computing_course2023;Learning;N/A;Educational resources
quantum_tsp_tutorials;mstechly;97;35;Python;This repository contains code with tutorials of how to approach optimization problems using quantum computing.;2018-08-13T05:57:03Z;2024-09-15T13:12:22Z;2023-06-25T22:17:11Z;https://github.com/mstechly/quantum_tsp_tutorials;Algorithm;Optimization;Educational resources
gpt;lehner;97;37;Python;A Python toolkit for lattice field theory, quantum computing, and machine learning;2020-02-23T19:50:58Z;2024-09-15T13:17:47Z;2024-09-05T19:46:09Z;https://github.com/lehner/gpt;Simulator;N/A;Algorithm layer
qcor;qir-alliance;96;39;C++;C++ compiler for heterogeneous quantum-classical computing built on Clang and XACC;2019-05-13T14:26:19Z;2024-08-23T00:30:31Z;2022-12-02T14:24:58Z;https://github.com/qir-alliance/qcor;Compiler;N/A;Software layer
Quantum-Computing-UK-Repository;mcoggins96;95;33;Python;This repository contains all of the code found in the quantum computing tutorials at : https://quantumcomputinguk.org.;2020-11-28T14:42:44Z;2024-09-15T13:10:28Z;2023-12-06T19:18:42Z;https://github.com/mcoggins96/Quantum-Computing-UK-Repository;Learning;N/A;Educational resources
Quantum-Universal-Education.github.io;Quantum-Universal-Education;91;39;Python;Welcome to this community-driven, open-source educational website for learning about all aspects of quantum computing across the full stack, from hardware to algorithms to everything in between and adjacent!  Whether you are new to quantum science, filling in gaps in your foundation of knowledge, or supplementing a course you are taking, our goal is to help you learn based on your interests and background knowledge.  We are always open to recommendations and contributions from the quantum computing community.;2020-07-22T07:49:33Z;2024-09-14T16:48:35Z;2024-09-14T16:48:32Z;https://github.com/Quantum-Universal-Education/Quantum-Universal-Education.github.io;Learning;N/A;Educational resources
qcc;qcc4cp;82;25;C++;"Source code for the book ""Quantum Computing for Programmers"", Cambridge University Press";2021-01-23T04:18:11Z;2024-09-15T02:22:11Z;2024-09-15T02:22:07Z;https://github.com/qcc4cp/qcc;Learning;N/A;Educational resources
quantum-explorers;qiskit-community;82;51;Python;A self-paced, quantum computing learning journey for high school students and above. ;2022-07-06T07:29:25Z;2024-09-15T13:07:04Z;2023-12-20T12:39:40Z;https://github.com/qiskit-community/quantum-explorers;Learning;N/A;Educational resources
pyqula;joselado;76;27;Python;Python library to compute properties of quantum tight binding models, including topological, electronic and magnetic properties and including the effect of many-body interactions.;2021-07-28T06:43:24Z;2024-09-12T17:32:18Z;2024-08-06T13:47:01Z;https://github.com/joselado/pyqula;Algorithm;Optimization;Algorithm layer
Quantum-Computing-Resources;praveenb7;71;10;N/A;This repository contains the best resources for learning practical quantum computing. This repository will be updated frequently.;2020-09-26T16:12:05Z;2024-09-15T13:18:37Z;2024-02-29T04:01:42Z;https://github.com/praveenb7/Quantum-Computing-Resources;Learning;N/A;Educational resources
qc-workbook;UTokyo-ICEPP;68;9;HTML;Quantum computing workbook by ICEPP;2020-06-02T14:21:53Z;2024-06-15T08:19:51Z;2024-06-15T08:19:47Z;https://github.com/UTokyo-ICEPP/qc-workbook;Learning;N/A;Educational resources
mpqc;ValeevGroup;65;24;C++;The Massively Parallel Quantum Chemistry program, MPQC, computes properties of atoms and molecules from first principles using the time independent Schr√∂dinger equation.;2013-08-15T15:28:10Z;2024-08-14T14:12:56Z;2023-08-08T17:05:04Z;https://github.com/ValeevGroup/mpqc;Algorithm;Chemistry;Algorithm layer
BernDirac;bernwo;63;13;Mathematica;A Mathematica package for performing calculations involving matrices/vectors in the Dirac notation which is usually used in quantum mechanics/quantum computing.;2021-04-13T14:13:23Z;2024-08-16T14:14:41Z;2023-07-30T09:09:01Z;https://github.com/bernwo/BernDirac;Algorithm;Mathematics;Algorithm layer
Intro_to_Quantum_Computing;hywong2;62;18;N/A;Class Slides for Introduction to Quantum Computing;2023-01-04T23:43:21Z;2024-09-15T22:29:02Z;2023-01-05T01:24:15Z;https://github.com/hywong2/Intro_to_Quantum_Computing;Learning;N/A;Educational resources
quantum-computing-exploration-for-drug-discovery-on-aws;awslabs;59;29;Python;Deploy a solution to research on drug discovery problems using quantum computing and classical computing resources.;2021-12-30T08:18:22Z;2024-09-15T13:13:33Z;2024-09-10T06:01:46Z;https://github.com/awslabs/quantum-computing-exploration-for-drug-discovery-on-aws;Algorithm;Medicine;Application layer
mqt-predictor;cda-tum;58;13;Python;MQT Predictor - A MQT Tool for Automatic Device Selection with Device-Specific Circuit Compilation for Quantum Computing;2022-03-08T15:12:11Z;2024-09-15T16:31:52Z;2024-09-15T16:31:49Z;https://github.com/cda-tum/mqt-predictor;Compiler;N/A;Algorithm layer
graphix;TeamGraphix;58;21;Python;measurement-based quantum computing (MBQC) compiler and simulator;2022-12-02T14:29:12Z;2024-09-15T07:07:02Z;2024-09-15T07:06:58Z;https://github.com/TeamGraphix/graphix;Algorithm;Visualization;Software layer
qiskit-braket-provider;qiskit-community;57;45;Python;Qiskit-Braket provider to execute Qiskit programs on quantum computing hardware devices through Amazon Braket.;2022-02-22T14:24:07Z;2024-08-28T16:02:59Z;2024-08-28T16:04:38Z;https://github.com/qiskit-community/qiskit-braket-provider;Compiler;N/A;Software layer
awesome-compilation-for-quantum-computing;choi95;57;0;N/A;Must read research papers and links on quantum compiler and system;2024-03-25T08:15:22Z;2024-08-29T01:21:52Z;2024-07-23T14:37:23Z;https://github.com/choi95/awesome-compilation-for-quantum-computing;Learning;N/A;Educational resources
qupulse;qutech;55;31;Python;Quantum Computing Toolkit for Qubit Control;2015-01-27T13:27:55Z;2024-08-29T13:31:47Z;2024-09-14T23:34:02Z;https://github.com/qutech/qupulse;Algorithm;Mathematics;Software layer, algorithm layer
quantum-tensors;Quantum-Flytrap;53;12;TypeScript;Quantum Tensors - NPM package for sparse matrix operations for quantum information and computing;2019-06-17T16:51:30Z;2024-07-25T01:30:27Z;2023-01-07T04:20:01Z;https://github.com/Quantum-Flytrap/quantum-tensors;Algorithm;Visualization;Algorithm layer
quantum-computing-fundamentals-2833097;LinkedInLearning;51;61;Python;This repo is for the Linkedin Learning course: Quantum Computing Fundamentals;2022-09-27T18:54:11Z;2024-09-08T16:47:51Z;2024-04-30T03:22:35Z;https://github.com/LinkedInLearning/quantum-computing-fundamentals-2833097;Learning;N/A;Educational resources
Quantum-Computing-in-Practice-with-Qiskit-and-IBM-Quantum-Experience;PacktPublishing;51;37;Python;Quantum Computing in Practice with Qiskit and IBM Quantum Experience, published by Packt;2019-06-13T05:43:59Z;2024-09-15T13:12:27Z;2023-03-12T15:54:09Z;https://github.com/PacktPublishing/Quantum-Computing-in-Practice-with-Qiskit-and-IBM-Quantum-Experience;Learning;N/A;Educational resources
Quantum-Based-Machine-Learning-Simulation;yifan1207;49;9;Python;A Quantum Computing and Machine Learning Model that accelerates the Drug Research and Development process ;2024-01-08T04:56:26Z;2024-09-11T12:37:35Z;2024-06-11T02:56:39Z;https://github.com/yifan1207/Quantum-Based-Machine-Learning-Simulation;Algorithm;Medicine;Application layer
vein;vein-lang;48;6;C#;üîÆ‚ö°Ô∏èVein is an open source high-level strictly-typed programming language with a standalone OS, arm and quantum computing support.;2020-02-10T18:54:20Z;2024-09-09T05:55:48Z;2024-09-06T03:33:42Z;https://github.com/vein-lang/vein;Compiler;N/A;Software layer
Fun-with-Quantum;JanLahmann;46;19;Python;A quantum coin game and other fun stuff to illustrate the power and beauty of quantum Computing;2019-04-27T07:25:53Z;2024-08-04T19:02:09Z;2024-08-29T18:50:16Z;https://github.com/JanLahmann/Fun-with-Quantum;Learning;N/A;Educational resources
Visualizing-Quantum-Computing-using-fractals;wmazin;46;14;Python;N/A;2022-05-06T13:17:43Z;2024-08-27T14:59:18Z;2024-04-11T13:53:53Z;https://github.com/wmazin/Visualizing-Quantum-Computing-using-fractals;Algorithm;Visualization;Educational resources
QUARK;QUARK-framework;45;20;Python;Framework for Quantum Computing Application Benchmarking;2022-03-01T12:39:28Z;2024-09-15T13:16:34Z;2024-08-19T16:39:45Z;https://github.com/QUARK-framework/QUARK;Algorithm;Optimization;Software layer
Quantum-Computing-Guide;mikeroyal;45;10;Q#;Quantum Computing Guide ;2020-12-21T19:13:22Z;2024-09-15T13:15:45Z;2024-02-28T21:32:19Z;https://github.com/mikeroyal/Quantum-Computing-Guide;Learning;N/A;Educational resources
ipcsp;lrcfmd;42;15;Python;Integer Programming encoding for Crystal Structure Prediction with classic and quantum computing bindings;2022-05-11T10:14:24Z;2024-09-08T06:33:38Z;2023-05-15T15:13:54Z;https://github.com/lrcfmd/ipcsp;Algorithm;Physics;Algorithm layer
Quantum-Computing;matheusmtta;41;10;Python;Projects in Quantum Computing and Quantum information Theory (Qiskit, Algorithms, Circuits, Graph Theory and Quantum Mechanics);2019-11-26T00:47:31Z;2024-09-15T13:17:27Z;2023-04-24T03:42:29Z;https://github.com/matheusmtta/Quantum-Computing;Learning;N/A;Educational resources
QCSim;aromanro;38;6;C++;Quantum computing simulator;2022-09-07T07:16:15Z;2024-09-16T08:09:44Z;2024-09-14T09:18:04Z;https://github.com/aromanro/QCSim;Simulator;N/A;Software layer
CPEN-400Q;glassnotes;37;16;N/A;Materials for the undergraduate course in gate-model quantum computing at UBC. ;2021-12-14T16:10:38Z;2024-07-12T09:22:33Z;2024-06-29T16:51:35Z;https://github.com/glassnotes/CPEN-400Q;Learning;N/A;Educational resources
practical-quantum-computing;Apress;35;23;JavaScript;Source Code for 'Practical Quantum Computing for Developers' by Vladimir Silva;2018-11-28T17:06:15Z;2024-09-15T13:13:38Z;2023-04-29T23:11:34Z;https://github.com/Apress/practical-quantum-computing;Learning;N/A;Educational resources
blqs;ionq;34;5;Python;Python building blocks for quantum computing and domain specific languages.;2021-06-03T20:33:27Z;2024-06-12T00:53:07Z;2023-11-21T14:58:45Z;https://github.com/ionq/blqs;Learning;N/A;Educational resources
mqt-problemsolver;cda-tum;33;4;Python;MQT ProblemSolver - A MQT Tool for Solving Problems Using Quantum Computing;2022-06-18T07:30:00Z;2024-09-12T05:48:52Z;2024-09-09T18:00:03Z;https://github.com/cda-tum/mqt-problemsolver;Algorithm;Optimization;Algorithm layer
qclib;qclib;33;21;Python;Qclib is a quantum computing library implemented using qiskit. The focus of qclib is on preparing quantum states, but it is not limited to that.;2020-03-12T17:20:30Z;2024-09-09T10:58:57Z;2024-09-09T10:58:54Z;https://github.com/qclib/qclib;Simulator;N/A;Algorithm layer
Quantum-Chemistry-and-Computing-for-the-Curious;PacktPublishing;32;21;Python;Quantum Chemistry and Computing for the Curious, published by Packt;2021-10-04T14:28:05Z;2024-09-06T06:31:38Z;2024-05-10T15:13:59Z;https://github.com/PacktPublishing/Quantum-Chemistry-and-Computing-for-the-Curious;Algorithm;Chemistry;Educational resources
CSCI4961_labs_projects;YangletLiu;32;25;Python;Labs and Projects of CSCI4961 Introduction to Quantum Computing;2024-06-15T04:43:07Z;2024-09-13T03:08:43Z;2024-09-13T03:08:36Z;https://github.com/YangletLiu/CSCI4961_labs_projects;Learning;N/A;Educational resources
quantum-computing;BrianOtieno;31;13;Python;Head-start on quantum computing. ;2024-06-18T11:28:43Z;2024-09-16T05:25:54Z;2024-09-16T05:25:51Z;https://github.com/BrianOtieno/quantum-computing;Learning;N/A;Educational resources
qbraid-lab-demo;qBraid;31;12;Python;Notebooks demonstrating how to use qBraid Lab to streamline quantum workflows, connect to quantum hardware, and leverage GPU-enabled scalable compute for hybrid algorithms.;2022-01-28T18:20:24Z;2024-09-11T09:36:09Z;2024-07-11T02:47:22Z;https://github.com/qBraid/qbraid-lab-demo;Learning;N/A;Educational resources
deepquantum;TuringQ;31;7;Python;DeepQuantum for quantum computing;2024-06-19T16:48:45Z;2024-09-14T10:11:22Z;2024-09-14T10:11:18Z;https://github.com/TuringQ/deepquantum;Algorithm;Machine learning;Application layer
dd_package;cda-tum;27;11;C++;MQT decision diagram package tailored to quantum computing;2019-08-07T12:48:54Z;2024-02-26T15:39:18Z;2023-06-15T15:33:39Z;https://github.com/cda-tum/dd_package;Algorithm;Visualization;Software layer
DynexSDK;dynexcoin;27;15;Python;Dynex is the world‚Äôs only accessible neuromorphic quantum computing cloud for solving real-world problems, at scale.;2023-06-07T05:32:25Z;2024-09-12T08:42:41Z;2024-09-12T08:42:38Z;https://github.com/dynexcoin/DynexSDK;Algorithm;Optimization;Software layer
pennylane-qulacs;PennyLaneAI;27;16;Python;The PennyLane-Qulacs plugin integrates the Qulacs quantum computing framework with PennyLane's quantum machine learning capabilities.;2019-12-11T19:37:28Z;2024-09-08T19:54:28Z;2024-09-08T19:54:26Z;https://github.com/PennyLaneAI/pennylane-qulacs;Algorithm;Machine learning;Software layer
Quantum-Computing-MATLAB;mathworks;27;5;N/A;MATLAB examples, functions and otherwise helpful material using the MATLAB Support Package for Quantum Computing;2023-05-18T16:22:48Z;2024-08-20T15:49:28Z;2024-07-12T15:42:50Z;https://github.com/mathworks/Quantum-Computing-MATLAB;Algorithm;Mathematics;Software layer
qc_portfolio_optimization;OscarJHernandez;26;13;Python;A program that implements the portfolio optimization experiments using a hybrid quantum computing algorithm from arXiv:1911.05296. The code was developed as part of the 2020 Quantum mentorship program. Many thanks to my mentor Guoming Wang from Zapata Computing!;2020-04-21T20:11:26Z;2024-07-31T08:33:34Z;2022-12-10T00:45:19Z;https://github.com/OscarJHernandez/qc_portfolio_optimization;Algorithm;Optimization;Application layer
Quantum-Computing-Resources;robertosolari;26;2;N/A;Resources for learning Quantum Computing and Quantum Machine Learning;2022-10-19T12:26:24Z;2024-09-15T12:21:52Z;2024-08-13T14:17:51Z;https://github.com/robertosolari/Quantum-Computing-Resources;Learning;N/A;Educational resources
iQuantum;Cloudslab;22;6;Java;iQuantum - A Toolkit for Modelling and Simulation of Quantum Computing Environments;2023-04-05T07:27:39Z;2024-09-05T16:09:24Z;2024-04-02T05:55:37Z;https://github.com/Cloudslab/iQuantum;Simulator;N/A;Educational resources
qubits;mymagicpower;22;6;JavaScript;quantum computing;2022-04-23T14:43:45Z;2024-06-16T08:55:13Z;2024-03-04T02:48:40Z;https://github.com/mymagicpower/qubits;Learning;N/A;Educational resources
quantumComputing;camitava0321;22;8;Python;Updated and most comprehensive Repository On Quantum Computing Resources. It contains all the material I use for my research on Quantum Computing for Both Theories and Codes - I update it regularly.;2020-12-08T16:50:19Z;2024-09-15T13:18:01Z;2024-02-28T21:40:53Z;https://github.com/camitava0321/quantumComputing;Learning;N/A;Educational resources
Quantum-Computing;developer-student-club-thapar;22;4;Python;This Repository covers the basics of quantum computing with notes, reference sheets, code using IBM's qiskit framework and learning resources. All the concepts are explained on DSC TIET's YouTube channel under the Quantum Computing playlist.;2021-09-10T18:54:42Z;2024-03-04T07:21:56Z;2022-10-28T05:32:41Z;https://github.com/developer-student-club-thapar/Quantum-Computing;Learning;N/A;Educational resources
quantumcat;artificial-brain;22;16;Python;quantumcat is a platform-independent, open-source, high-level quantum computing library, which allows the quantum community to focus on developing platform-independent quantum applications without much effort.;2021-03-31T12:11:05Z;2024-04-16T11:00:03Z;2024-01-03T04:46:38Z;https://github.com/artificial-brain/quantumcat;Compiler;N/A;Software layer
FRIB-TASummerSchoolQuantumComputing;NuclearPhysicsWorkshops;22;9;N/A;Recent developments in quantum information systems and technologies offer the possibility to address some of the most challenging large-scale problems in science, whether they are represented by complicated interacting quantum mechanical systems or classical systems. The last years have seen a rapid and exciting development in algorithms and quantum hardware.   The emphasis of this summer school is to highlight, through a series of lectures and hands-on exercises and practice sessions, how quantum computing algorithms can be used to study nuclear few- and many-body problems of relevance for low-energy nuclear physics.  And how quantum computing algorithms can aid in studying systems with increasingly many more degrees of freedom compared with more classical few- and many-body methods.  Several quantum algorithms for solving quantum-mechanical few- and many-particle problems with be discussed.  The lectures will start with the basic ideas of quantum computing. Thereafter, through examples from nuclear physics, we will elucidate how different quantum algorithms can be used to study these systems. The results from various quantum computing algorithms will be compared to standard methods like full configuration interaction theory, field theories on the lattice, in-medium similarity renormalization group  and coupled cluster theories. ;2022-03-08T20:39:49Z;2024-08-20T17:07:27Z;2023-05-04T17:55:05Z;https://github.com/NuclearPhysicsWorkshops/FRIB-TASummerSchoolQuantumComputing;Learning;N/A;Educational resources
kaleidoscope;QuSTaR;21;7;Python;Kaleidoscope - Visualizations for quantum computing.;2020-03-25T00:52:31Z;2023-09-11T07:53:50Z;2024-07-23T14:23:41Z;https://github.com/QuSTaR/kaleidoscope;Algorithm;Visualization;Software layer
The-Complete-Quantum-Computing-Course-for-Beginners-;PacktPublishing;20;7;Python;The Complete Quantum Computing Course for Beginners, by Packt Publishing;2021-09-20T07:21:16Z;2024-08-06T04:00:59Z;2023-01-30T08:07:30Z;https://github.com/PacktPublishing/The-Complete-Quantum-Computing-Course-for-Beginners-;Learning;N/A;Educational resources
HAQS-2022;qBraid;20;87;Python;Repository containing challenges for the qBraid HAQS 2022 quantum computing hackathon.;2022-10-19T18:26:50Z;2024-09-15T13:04:19Z;2023-01-10T17:54:37Z;https://github.com/qBraid/HAQS-2022;Learning;N/A;Educational resources
Qiskit-Hackathon-BCN;QuantumBarcelona;19;25;Python;The Qiskit Hackathon Barcelona is an immersive competition featuring live engagement, teamwork, and mentorship by expert researchers, developers and advocates. Participants will have near 24 hours to work in teams to develop solutions to problems in the field of quantum computing and present it to a panel of judges.;2023-03-24T17:07:15Z;2023-10-21T13:11:47Z;2023-04-10T09:30:42Z;https://github.com/QuantumBarcelona/Qiskit-Hackathon-BCN;Learning;N/A;Educational resources
ibm-qiskit-global-summer-school-2023;rubenandrebarreiro;19;7;Python;‚öõÔ∏è üë®‚Äçüè´ üìö A two-week intensive Summer School on Quantum Computing from IBM Quantum, using mostly the features of the IBM's Qiskit library. In this Summer School, were lectured topics on basics of Quantum Information, Quantum Entanglement, Quantum Algorithms, Quantum Error Mitigation, among many others.;2023-08-01T09:37:35Z;2024-07-09T17:34:55Z;2023-08-04T11:48:43Z;https://github.com/rubenandrebarreiro/ibm-qiskit-global-summer-school-2023;Learning;N/A;Educational resources
pennylane-honeywell;PennyLaneAI;19;5;Python;The PennyLane-Honeywell plugin integrates Honeywell Quantum Solutions' ion-trap quantum computing hardware with with PennyLane's quantum machine learning capabilities.;2020-06-03T20:15:30Z;2024-06-09T14:45:15Z;2024-02-23T16:16:50Z;https://github.com/PennyLaneAI/pennylane-honeywell;Algorithm;Machine learning;Software layer
ml-qem;qiskit-community;19;5;Python;Library for solving quantum computing problems using machine learning;2022-10-16T23:36:03Z;2024-09-13T16:18:08Z;2024-09-13T16:20:43Z;https://github.com/qiskit-community/ml-qem;Algorithm;Machine learning;Application layer
awesome-quantum-computing;websemantics;19;4;N/A;A curated list of Quantum Computing resources, articles, programming languages and projects. The main idea is that everyone can contribute here, so we can have a central repository of informations about this mind-boggling subject that we all can keep up-to-date.;2016-04-13T02:46:42Z;2022-10-31T00:09:45Z;2022-10-11T20:37:12Z;https://github.com/websemantics/awesome-quantum-computing;Learning;N/A;Educational resources
node-red-contrib-quantum;node-red-quantum;18;2;JavaScript;Quantum computing functionality for Node-RED;2021-06-16T03:35:56Z;2024-09-15T03:53:15Z;2023-04-11T16:09:52Z;https://github.com/node-red-quantum/node-red-contrib-quantum;Compiler;N/A;Software layer
Financial-Modeling-using-Quantum-Computing;PacktPublishing;18;12;Python;Financial Modeling using Quantum Computing, Published by Packt;2022-06-08T08:50:42Z;2024-09-06T13:20:27Z;2023-07-05T15:19:57Z;https://github.com/PacktPublishing/Financial-Modeling-using-Quantum-Computing;Algorithm;Finance;Educational resources
Quantum;IvanIsCoding;17;12;Python;A hands-on approach to quantum computing: Jupyter notebooks discussing quantum computing in Python using Qiskit.;2019-12-30T00:03:58Z;2024-09-15T13:15:53Z;2023-02-13T19:48:08Z;https://github.com/IvanIsCoding/Quantum;Learning;N/A;Educational resources
quantum_computing_workshop;croppers;16;9;Python;N/A;2022-07-06T19:32:22Z;2023-02-16T15:46:50Z;2022-10-28T20:44:25Z;https://github.com/croppers/quantum_computing_workshop;Learning;N/A;Educational resources
Quantum-Computing-Experimentation-with-Amazon-Braket;PacktPublishing;16;14;Python;Quantum Computing Experimentation with Amazon Braket, published by Packt;2021-06-30T07:45:38Z;2024-08-20T19:46:41Z;2024-08-20T19:46:37Z;https://github.com/PacktPublishing/Quantum-Computing-Experimentation-with-Amazon-Braket;Learning;N/A;Educational resources
quantum-computing;atulvarshneya;16;8;Python;Qsim, Qckt -- A functionally complete simulator for Universal Quantum Computer in Python. Qckt for developing quantum computation based realistic programs using quantum circuits, Qsim as backend to execute quantum computation part of the overall program logic. A great learning resource. See more details below and full documentation in qckt-doc.txt and qsim-doc.txt. ;2016-07-11T02:42:47Z;2024-04-20T11:13:35Z;2024-03-03T21:02:28Z;https://github.com/atulvarshneya/quantum-computing;Learning;N/A;Educational resources
qfaas;Cloudslab;16;7;Python;QFaaS - A Serverless Function-as-a-Service Framework for Quantum Computing;2022-11-22T06:42:18Z;2024-09-09T09:38:11Z;2024-09-09T09:38:07Z;https://github.com/Cloudslab/qfaas;Compiler;N/A;Application layer
qutrunk;qudoor;16;6;Python;QuTrunk is free, open source, cross platform quantum computing programming framework, including quantum programming API, quantum command translation, quantum computing back-end interface, etc;2022-09-21T06:24:31Z;2023-11-01T06:55:06Z;2023-12-18T03:01:41Z;https://github.com/qudoor/qutrunk;Compiler;N/A;Software layer
clara;slowy07;15;3;C++;quantum computing package;2023-06-26T00:59:10Z;2024-08-01T01:57:28Z;2024-08-01T01:57:24Z;https://github.com/slowy07/clara;Compiler;N/A;Software layer
cartan-quantum-synthesizer;kemperlab;15;7;Python;Quantum Computing -- Unitary synthesis based on Cartan decomposition;2021-06-11T15:40:12Z;2024-06-10T21:13:42Z;2024-06-10T21:13:38Z;https://github.com/kemperlab/cartan-quantum-synthesizer;Compiler;N/A;Algorithm layer
learning-quantum-computing;danbev;14;6;JavaScript;This project only exists to help me learn about quantum computing;2019-02-13T12:14:11Z;2023-08-21T12:09:59Z;2024-01-14T15:23:17Z;https://github.com/danbev/learning-quantum-computing;Learning;N/A;Educational resources
Quantum-Computing-Algorithms;PacktPublishing;14;7;Python;Quantum computing Algorithms, published by Packt.;2022-06-14T06:38:25Z;2024-08-10T21:29:04Z;2024-03-07T11:35:54Z;https://github.com/PacktPublishing/Quantum-Computing-Algorithms;Learning;N/A;Educational resources
qiboedu;qiboteam;14;4;Python;Collection of material for quantum computing educational activities using Qibo.;2024-02-06T08:26:39Z;2024-08-21T07:30:57Z;2024-06-24T15:16:06Z;https://github.com/qiboteam/qiboedu;Learning;N/A;Educational resources
libdmet_with_QC;bytedance;14;3;Python;libDMET with quantum computing chemistry solvers of UCCSD;2023-04-19T09:33:04Z;2024-08-11T09:57:38Z;2023-04-19T09:46:50Z;https://github.com/bytedance/libdmet_with_QC;Algorithm;Chemistry;Algorithm layer
Quantum-Computing-with-Silq-Programming;PacktPublishing;14;5;N/A;Quantum Computing with Silq Programming, published by Packt;2020-11-09T10:32:14Z;2024-03-15T19:41:42Z;2023-01-30T08:41:59Z;https://github.com/PacktPublishing/Quantum-Computing-with-Silq-Programming;Learning;N/A;Educational resources
Quantum_book;OriginQ;13;8;HTML;This documentation is suitable for quantum computing junior and senior learner;2022-10-19T08:10:20Z;2024-09-03T03:23:29Z;2022-10-19T08:20:06Z;https://github.com/OriginQ/Quantum_book;Learning;N/A;Educational resources
YAItQC;SolemnShark871;13;2;Python;Yet Another Introduction to Quantum Computing ;2022-02-04T19:18:56Z;2024-01-08T16:04:14Z;2023-06-11T13:03:42Z;https://github.com/SolemnShark871/YAItQC;Learning;N/A;Educational resources
mqt-qudits;cda-tum;13;3;Python;A Framework For Mixed-Dimensional Qudit Quantum Computing;2023-10-10T09:14:05Z;2024-09-13T07:34:40Z;2024-09-08T15:29:31Z;https://github.com/cda-tum/mqt-qudits;Learning;N/A;Educational resources
qcbq;rmlarose;12;6;Python;Quantum computing bootcamp with Qiskit;2019-10-04T02:41:39Z;2024-01-14T10:30:37Z;2023-07-06T21:46:42Z;https://github.com/rmlarose/qcbq;Learning;N/A;Educational resources
quantum-resources;denvitko;12;3;Python;Quantum Computing - interesting links from across the internet, including websites, YT channels, books, courses;2022-10-16T16:14:49Z;2024-07-05T21:50:54Z;2023-03-06T00:25:34Z;https://github.com/denvitko/quantum-resources;Learning;N/A;Educational resources
higher-order-quantum-reservoir;OminiaVincit;12;6;Python;Source code to run experiments on higher-order quantum reservoir computing;2020-02-23T14:48:09Z;2024-08-30T18:19:13Z;2023-01-12T10:19:38Z;https://github.com/OminiaVincit/higher-order-quantum-reservoir;Algorithm;Finance;Algorithm layer
learning-qc-with-zx;JavaFXpert;12;3;TeX;Learning quantum computing concepts via ZX calculus diagramming;2021-06-11T16:31:22Z;2024-09-09T12:21:48Z;2022-10-20T22:10:37Z;https://github.com/JavaFXpert/learning-qc-with-zx;Learning;N/A;Educational resources
Quantum-Computing;juarodriguezfr;11;8;Python;Store QM research group docs and files;2023-04-13T17:55:33Z;2024-08-15T16:29:02Z;2023-10-02T12:37:08Z;https://github.com/juarodriguezfr/Quantum-Computing;Learning;N/A;Educational resources
quantum-RL-with-quafu;enchanted123;10;5;Python;Implement reinforcement learning(RL) based on parameterized quantum circuits with quantum computing cloud Quafu.;2023-03-05T11:33:06Z;2024-04-07T19:52:16Z;2023-10-19T07:31:14Z;https://github.com/enchanted123/quantum-RL-with-quafu;Algorithm;Machine learning;Application layer
QuantumComputing;JackJacquier;10;6;Python;Quantum Computing for Finance;2021-11-13T15:13:38Z;2024-08-05T01:10:45Z;2024-03-18T23:01:09Z;https://github.com/JackJacquier/QuantumComputing;Algorithm;Finance;Educational resources
quantum-computing;SaashaJoshi;10;6;Python;Quantum Algorithms and Quantum Error Correction codes.;2020-06-25T14:28:15Z;2024-05-07T02:23:41Z;2024-02-14T06:16:01Z;https://github.com/SaashaJoshi/quantum-computing;Algorithm;Machine learning;Educational resources
Argonne-Quantum-Computing-Tutorial-2023;yurialexeev;10;4;Python;Quantum computing tutorial held in Argonne National Laboratory in June of 2023;2023-05-08T02:29:32Z;2023-10-15T09:59:06Z;2023-06-30T15:53:39Z;https://github.com/yurialexeev/Argonne-Quantum-Computing-Tutorial-2023;Learning;N/A;Educational resources
quantum-gates;pranavdurai10;10;2;Python;This repository provides comprehensive implementations of the fundamental gates used in quantum computing.;2023-05-27T15:39:24Z;2024-09-05T15:24:04Z;2024-09-05T15:24:01Z;https://github.com/pranavdurai10/quantum-gates;Learning;N/A;Educational resources
QuantumComputingMachineLearning;CompPhysics;10;11;N/A;N/A;2021-10-30T20:14:39Z;2024-09-03T02:42:32Z;2024-09-03T02:42:29Z;https://github.com/CompPhysics/QuantumComputingMachineLearning;Algorithm;Machine learning;Application layer
VRP-explorations;AsishMandoi;9;7;Python;Exploring various quantum annealing-based approaches to solve the vehicle routing problem as part of the QOSF Quantum Computing Mentorship Program Cohort Four;2021-12-11T22:22:49Z;2024-08-09T08:11:20Z;2024-08-09T08:11:16Z;https://github.com/AsishMandoi/VRP-explorations;Learning;N/A;Educational resources
Learn-Quantum-Computing-with-Qiskit;MonitSharma;9;3;Python;Learn Qiskit with Qiskit Textbook;2022-09-21T18:05:45Z;2024-09-07T07:22:28Z;2024-09-04T13:50:43Z;https://github.com/MonitSharma/Learn-Quantum-Computing-with-Qiskit;Learning;N/A;Educational resources
pennylane-aqt;PennyLaneAI;9;3;Python;The PennyLane-AQT plugin integrates Alpine Quantum Technologies' ion-trap quantum computing hardware with with PennyLane's quantum machine learning capabilities.;2020-05-16T18:01:51Z;2024-09-12T10:50:22Z;2024-09-09T14:38:44Z;https://github.com/PennyLaneAI/pennylane-aqt;Algorithm;Machine learning;Software layer
shor;shor-team;9;3;Python;The Python Quantum Computing Library;2020-02-19T05:42:56Z;2024-08-12T22:35:01Z;2023-04-21T20:35:10Z;https://github.com/shor-team/shor;Learning;N/A;Educational resources
Quantum-Computing;jwoehr;9;3;Shell;Links to my Quantum Computing repositories;2019-10-29T10:31:01Z;2024-07-26T18:39:32Z;2024-07-26T18:39:29Z;https://github.com/jwoehr/Quantum-Computing;Learning;N/A;Educational resources
Introduction-to-Quantum-Computing;MonitSharma;8;2;Python;Course description: Physics +CS , it is the first term in a three-term course on quantum computation and quantum information science. Topics covered include density operators, quantum operations, quantum entanglement, quantum circuits, and quantum algorithms.;2022-07-22T06:16:10Z;2024-08-29T01:57:12Z;2024-05-25T18:43:37Z;https://github.com/MonitSharma/Introduction-to-Quantum-Computing;Learning;N/A;Educational resources
hgwxx7;praveentn;8;3;Python;Data Science, Machine Learning, Natural Language Processing, Deep Learning, Quantum Information Processing, Quantum Computing;2018-05-30T19:57:32Z;2024-07-07T17:32:53Z;2024-07-07T17:32:42Z;https://github.com/praveentn/hgwxx7;Algorithm;Machine learning;Educational resources
D-Wave-Leap---CVRP;xBorox1;8;8;Python;Some experiments with quantum computing.;2019-07-17T10:38:45Z;2024-04-24T07:47:08Z;2022-12-08T05:55:27Z;https://github.com/xBorox1/D-Wave-Leap---CVRP;Learning;N/A;Educational resources
quantum-computing-handson;HassanNaseri;7;5;Python;Simple exercises for quantum computing;2018-09-30T17:04:17Z;2024-09-04T13:32:07Z;2022-11-16T23:02:38Z;https://github.com/HassanNaseri/quantum-computing-handson;Learning;N/A;Educational resources
quant;digitalmacgyver;7;8;PostScript;Quantum Computing Algorithms;2015-01-15T02:41:09Z;2022-11-26T01:01:18Z;2022-11-26T01:05:23Z;https://github.com/digitalmacgyver/quant;Simulator;N/A;Software layer
OpenQuantumComputing;OpenQuantumComputing;7;9;Python;main repository for code;2022-06-11T05:52:26Z;2024-08-27T14:59:30Z;2023-08-24T08:58:14Z;https://github.com/OpenQuantumComputing/OpenQuantumComputing;Learning;N/A;Educational resources
MorphQ-Quantum-Qiskit-Testing-ICSE-23;sola-st;6;4;Python;"Companion website of ""MorphQ: Metamorphic Testing of the Qiskit Quantum Computing Platform"", accepted at ICSE 23";2023-01-17T09:09:36Z;2024-06-13T13:00:32Z;2024-06-13T13:00:26Z;https://github.com/sola-st/MorphQ-Quantum-Qiskit-Testing-ICSE-23;Algorithm;Optimization;Application layer
QC101-Quantum-Computing-and-Quantum-Physics-for-Beginners;PacktPublishing;6;5;Q#;N/A;2021-01-14T07:01:16Z;2024-08-27T18:23:18Z;2024-06-24T13:46:29Z;https://github.com/PacktPublishing/QC101-Quantum-Computing-and-Quantum-Physics-for-Beginners;Learning;N/A;Educational resources
quantum_computing;kelasterbuka;6;3;N/A;repo project event discord quantum computing;2023-07-24T09:13:09Z;2023-09-01T09:45:40Z;2023-07-24T15:34:26Z;https://github.com/kelasterbuka/quantum_computing;Learning;N/A;Educational resources
nordiquest-workshop;ENCCS;5;7;Python;Lesson material for ENCCS/NordIQuEst workshops on Quantum Computing and hybrid HPC-QC systems;2022-05-09T08:24:41Z;2024-08-29T02:01:16Z;2023-04-27T10:12:29Z;https://github.com/ENCCS/nordiquest-workshop;Learning;N/A;Educational resources
code-quantum;thomasleplus;5;3;Python;A place to stash my quantum computing experiments;2019-07-30T00:58:45Z;2024-09-13T01:28:53Z;2024-09-13T01:28:57Z;https://github.com/thomasleplus/code-quantum;Learning;N/A;Educational resources
Quantum;CSCfi;4;5;Python;Quantum computing related material;2021-08-31T12:55:19Z;2024-09-10T14:25:34Z;2024-08-26T08:14:39Z;https://github.com/CSCfi/Quantum;Learning;N/A;Educational resources
MLQuantum;enniogit;4;3;Python;Machine Learning with Quantum Computing;2019-04-30T15:50:06Z;2023-12-19T23:42:41Z;2022-11-02T04:19:45Z;https://github.com/enniogit/MLQuantum;Learning;N/A;Educational resources
QSimov;Mowstyl;4;3;Python;Quantum Computing Toolkit project, named QSimov;2019-05-10T08:40:19Z;2023-10-24T15:03:08Z;2024-04-19T12:16:20Z;https://github.com/Mowstyl/QSimov;Algorithm;Machine learning;Software layer
quantum-computing;ibm-cloud-docs;4;3;N/A;Documentation repository for quantum-computing;2022-02-25T14:15:26Z;2024-07-24T17:38:56Z;2024-07-24T17:38:53Z;https://github.com/ibm-cloud-docs/quantum-computing;Learning;N/A;Educational resources
nuclear-quantum-computing;kylegodbey;3;6;Python;N/A;2022-06-23T17:35:25Z;2024-01-09T17:55:06Z;2024-01-09T18:19:19Z;https://github.com/kylegodbey/nuclear-quantum-computing;Algorithm;Physics;Application layer
QuantumComputing;sara-nl;3;3;Python;Tools and tutorials for quantum computing;2020-08-25T12:14:30Z;2023-04-02T20:02:02Z;2023-04-23T16:09:09Z;https://github.com/sara-nl/QuantumComputing;Learning;N/A;Educational resources
quantum-pulse;pitt-diamond-qtech;3;9;Python;pulse sequences for NV center quantum computing and sensing experiments;2020-02-15T18:35:56Z;2024-01-27T16:04:13Z;2022-12-08T04:23:13Z;https://github.com/pitt-diamond-qtech/quantum-pulse;Simulator;N/A;Software layer
qpcc;ICHEC;1;5;HTML;Quantum Programming Certification Course;2022-05-05T10:33:12Z;2024-05-16T10:49:54Z;2024-07-24T13:05:43Z;https://github.com/ICHEC/qpcc;Learning;N/A;Educational resources
Q-SPACE-Challenege;Vishal-Mandal;1;10;Python;This repository is meant to be for the (Q-SPACE) The Quantum Computing Hackathon Challenges ;2023-03-09T21:33:59Z;2023-03-12T17:26:57Z;2023-03-09T21:40:39Z;https://github.com/Vishal-Mandal/Q-SPACE-Challenege;Learning;N/A;Educational resources
qc_intro;ethanwyr;0;15;Python;Intro to Quantum Computing;2020-01-09T19:56:39Z;2022-01-06T20:06:25Z;2024-01-18T23:22:40Z;https://github.com/ethanwyr/qc_intro;Learning;N/A;Educational resources